Price,Rating,Review Text,Reviewer Name
undefined,undefined,undefined,undefined
undefined,undefined,undefined,undefined
undefined,undefined,undefined,undefined
undefined,undefined,undefined,undefined
undefined,undefined,undefined,undefined
undefined,undefined,undefined,undefined
undefined,undefined,undefined,undefined
undefined,undefined,undefined,undefined
undefined,undefined,undefined,undefined
undefined,undefined,undefined,undefined
undefined,undefined,undefined,undefined
undefined,undefined,undefined,undefined
undefined,undefined,undefined,undefined
undefined,undefined,undefined,undefined
undefined,undefined,undefined,undefined
undefined,undefined,undefined,undefined
undefined,undefined,undefined,undefined
undefined,undefined,undefined,undefined
undefined,undefined,undefined,undefined
undefined,undefined,undefined,undefined
undefined,undefined,undefined,undefined
undefined,undefined,undefined,undefined
undefined,undefined,undefined,undefined
undefined,undefined,undefined,undefined
undefined,undefined,undefined,undefined
undefined,undefined,undefined,undefined
undefined,undefined,undefined,undefined
undefined,undefined,undefined,undefined
undefined,undefined,undefined,undefined
undefined,undefined,undefined,undefined
undefined,undefined,undefined,undefined
undefined,undefined,undefined,undefined
undefined,undefined,undefined,undefined
undefined,undefined,undefined,undefined
undefined,undefined,undefined,undefined
undefined,undefined,undefined,undefined
undefined,undefined,undefined,undefined
undefined,undefined,undefined,undefined
undefined,undefined,undefined,undefined
undefined,undefined,undefined,undefined
undefined,undefined,undefined,undefined
undefined,undefined,undefined,undefined
undefined,undefined,undefined,undefined
undefined,undefined,undefined,undefined
undefined,undefined,undefined,undefined
undefined,undefined,undefined,undefined
undefined,undefined,undefined,undefined
undefined,undefined,undefined,undefined
undefined,undefined,undefined,undefined
undefined,undefined,undefined,undefined
undefined,undefined,undefined,undefined
undefined,undefined,undefined,undefined
undefined,undefined,undefined,undefined
undefined,undefined,undefined,undefined
undefined,undefined,undefined,undefined
undefined,undefined,undefined,undefined
undefined,undefined,undefined,undefined
undefined,undefined,undefined,undefined
undefined,undefined,undefined,undefined
undefined,undefined,undefined,undefined
undefined,undefined,undefined,undefined
undefined,undefined,undefined,undefined
undefined,undefined,undefined,undefined
undefined,undefined,undefined,undefined
undefined,undefined,undefined,undefined
undefined,undefined,undefined,undefined
undefined,undefined,undefined,undefined
undefined,undefined,undefined,undefined
undefined,undefined,undefined,undefined
undefined,undefined,undefined,undefined
undefined,undefined,undefined,undefined
undefined,undefined,undefined,undefined
undefined,undefined,undefined,undefined
undefined,undefined,undefined,undefined
undefined,undefined,undefined,undefined
undefined,undefined,undefined,undefined
undefined,undefined,undefined,undefined
undefined,undefined,undefined,undefined
undefined,undefined,undefined,undefined
undefined,undefined,undefined,undefined
undefined,undefined,undefined,undefined
undefined,undefined,undefined,undefined
undefined,undefined,undefined,undefined
undefined,undefined,undefined,undefined
undefined,undefined,undefined,undefined
undefined,undefined,undefined,undefined
undefined,undefined,undefined,undefined
undefined,undefined,undefined,undefined
undefined,undefined,undefined,undefined
undefined,undefined,undefined,undefined
undefined,undefined,undefined,undefined
undefined,undefined,undefined,undefined
undefined,undefined,undefined,undefined
undefined,undefined,undefined,undefined
undefined,undefined,undefined,undefined
undefined,undefined,undefined,undefined
undefined,undefined,undefined,undefined
undefined,undefined,undefined,undefined
undefined,undefined,undefined,undefined
undefined,undefined,undefined,undefined
undefined,undefined,undefined,undefined
undefined,undefined,undefined,undefined
undefined,undefined,undefined,undefined
undefined,undefined,undefined,undefined
undefined,undefined,undefined,undefined
undefined,undefined,undefined,undefined
undefined,undefined,undefined,undefined
undefined,undefined,undefined,undefined
undefined,undefined,undefined,undefined
undefined,undefined,undefined,undefined
undefined,undefined,undefined,undefined
undefined,undefined,undefined,undefined
undefined,undefined,undefined,undefined
undefined,undefined,undefined,undefined
undefined,undefined,undefined,undefined
undefined,undefined,undefined,undefined
undefined,undefined,undefined,undefined
undefined,undefined,undefined,undefined
undefined,undefined,undefined,undefined
undefined,undefined,undefined,undefined
undefined,undefined,undefined,undefined
undefined,undefined,undefined,undefined
undefined,undefined,undefined,undefined
undefined,undefined,undefined,undefined
undefined,undefined,undefined,undefined
undefined,undefined,undefined,undefined
undefined,undefined,undefined,undefined
undefined,undefined,undefined,undefined
undefined,undefined,undefined,undefined
undefined,undefined,undefined,undefined
undefined,undefined,undefined,undefined
undefined,undefined,undefined,undefined
undefined,undefined,undefined,undefined
undefined,undefined,undefined,undefined
undefined,undefined,undefined,undefined
undefined,undefined,undefined,undefined
undefined,undefined,undefined,undefined
undefined,undefined,undefined,undefined
undefined,undefined,undefined,undefined
undefined,undefined,undefined,undefined
undefined,undefined,undefined,undefined
undefined,undefined,undefined,undefined
undefined,undefined,undefined,undefined
undefined,undefined,undefined,undefined
undefined,undefined,undefined,undefined
undefined,undefined,undefined,undefined
undefined,undefined,undefined,undefined
undefined,undefined,undefined,undefined
undefined,undefined,undefined,undefined
undefined,undefined,undefined,undefined
undefined,undefined,undefined,undefined
undefined,undefined,undefined,undefined
undefined,undefined,undefined,undefined
undefined,undefined,undefined,undefined
undefined,undefined,undefined,undefined
undefined,undefined,undefined,undefined
undefined,undefined,undefined,undefined
undefined,undefined,undefined,undefined
undefined,undefined,undefined,undefined
undefined,undefined,undefined,undefined
undefined,undefined,undefined,undefined
undefined,undefined,undefined,undefined
undefined,undefined,undefined,undefined
undefined,undefined,undefined,undefined
undefined,undefined,undefined,undefined
undefined,undefined,undefined,undefined
undefined,undefined,undefined,undefined
undefined,undefined,undefined,undefined
undefined,undefined,undefined,undefined
undefined,undefined,undefined,undefined
undefined,undefined,undefined,undefined
undefined,undefined,undefined,undefined
undefined,undefined,undefined,undefined
undefined,undefined,undefined,undefined
undefined,undefined,undefined,undefined
undefined,undefined,undefined,undefined
undefined,undefined,undefined,undefined
undefined,undefined,undefined,undefined
undefined,undefined,undefined,undefined
undefined,undefined,undefined,undefined
undefined,undefined,undefined,undefined
undefined,undefined,undefined,undefined
undefined,undefined,undefined,undefined
undefined,undefined,undefined,undefined
undefined,undefined,undefined,undefined
undefined,undefined,undefined,undefined
undefined,undefined,undefined,undefined
undefined,undefined,undefined,undefined
undefined,undefined,undefined,undefined
undefined,undefined,undefined,undefined
undefined,undefined,undefined,undefined
undefined,undefined,undefined,undefined
undefined,undefined,undefined,undefined
undefined,undefined,undefined,undefined
undefined,undefined,undefined,undefined
undefined,undefined,undefined,undefined
undefined,undefined,undefined,undefined
undefined,undefined,undefined,undefined
undefined,undefined,undefined,undefined
undefined,undefined,undefined,undefined
undefined,undefined,undefined,undefined
undefined,undefined,undefined,undefined
undefined,undefined,undefined,undefined
undefined,undefined,undefined,undefined
undefined,undefined,undefined,undefined
undefined,undefined,undefined,undefined
undefined,undefined,undefined,undefined
undefined,undefined,undefined,undefined
undefined,undefined,undefined,undefined
undefined,undefined,undefined,undefined
undefined,undefined,undefined,undefined
undefined,undefined,undefined,undefined
undefined,undefined,undefined,undefined
undefined,undefined,undefined,undefined
undefined,undefined,undefined,undefined
undefined,undefined,undefined,undefined
undefined,undefined,undefined,undefined
undefined,undefined,undefined,undefined
undefined,undefined,undefined,undefined
undefined,undefined,undefined,undefined
undefined,undefined,undefined,undefined
undefined,undefined,undefined,undefined
undefined,undefined,undefined,undefined
undefined,undefined,undefined,undefined
undefined,undefined,undefined,undefined
undefined,undefined,undefined,undefined
undefined,undefined,undefined,undefined
undefined,undefined,undefined,undefined
undefined,undefined,undefined,undefined
undefined,undefined,undefined,undefined
undefined,undefined,undefined,undefined
undefined,undefined,undefined,undefined
undefined,undefined,undefined,undefined
undefined,undefined,undefined,undefined
undefined,undefined,undefined,undefined
undefined,undefined,undefined,undefined
undefined,undefined,undefined,undefined
undefined,undefined,undefined,undefined
undefined,undefined,undefined,undefined
undefined,undefined,undefined,undefined
undefined,undefined,undefined,undefined
undefined,undefined,undefined,undefined
undefined,undefined,undefined,undefined
undefined,undefined,undefined,undefined
undefined,undefined,undefined,undefined
undefined,undefined,undefined,undefined
undefined,undefined,undefined,undefined
undefined,undefined,undefined,undefined
undefined,undefined,undefined,undefined
undefined,undefined,undefined,undefined
undefined,undefined,undefined,undefined
undefined,undefined,undefined,undefined
undefined,undefined,undefined,undefined
undefined,undefined,undefined,undefined
undefined,undefined,undefined,undefined
undefined,undefined,undefined,undefined
undefined,undefined,undefined,undefined
undefined,undefined,undefined,undefined
undefined,undefined,undefined,undefined